"V1","init_NN_1","V2_NN_2","V3_NN_3","V4_NN_4","V5_NN_5","V6_NN_6","V7_NN_7","V8_NN_8","V9_NN_9","V10_NN_10"
"AZ","AZ","CAa","CAb","CAc","CAd","CO","FLb","FLb","FLc","GA"
"CAa","IDb","IDb","IDc","ME","MIb","MIb","NY","NY","MNd","WIa"
"CAb","ND","NY","ORa","ORb","TX","ORb","ORb","WAc","WAd","NY"
"CAc","MNd","WIa","CAb","AZ","AZ","WAd","CAa","IDc","FLa","FLc"
"CAd","FLb","FLa","IDc","WAb","IDa","MIb","MIa","ORa","WIa","WIa"
"CO","WIa","MNa","MNd","WIa","GA","WAd","CAc","WAa","WAb","CAc"
"FLa","ORb","WIa","WIa","MNb","CAa","CAb","CAa","WAa","AZ","IDa"
"FLb","FLc","FLa","FLa","FLb","IDa","ORb","IDb","MIa","NY","MIa"
"FLc","MNa","MNa","MNa","NY","WIa","MNa","MIb","WAa","AZ","WAd"
"GA","IDb","NY","WAa","MNa","MNa","MIa","CAd","CAd","CAd","TX"
"IDa","CAb","CAd","GA","GA","GA","FLc","WAb","CAa","CAd","WIc"
"IDb","MNb","MNb","MNd","MNb","MNb","MNd","MNa","MNb","FLc","WAb"
"IDc","CAb","WAb","WAa","WIa","WAb","MNd","MNb","MNa","TX","IDb"
"ME","TX","ORb","IDb","CAa","CAd","TX","ORa","ORa","CAd","CAd"
"MIa","CAa","ORa","WIa","NY","MNb","MNd","MNc","MNb","MNc","WAc"
"MIb","FLb","IDb","WAd","IDb","WAd","MNa","CAc","MNb","MIa","MNd"
"MNa","IDb","ORb","IDb","WAc","IDc","IDb","ORa","ORa","TX","CAd"
"MNb","CAa","WAa","WAb","WIb","MNa","WIc","WAc","MIb","WIc","MIa"
"MNc","WAb","MIb","MIa","CAa","CAa","CAc","CAa","WAd","IDb","WAc"
"MNd","NY","MIb","ORb","WAb","ORb","WAb","IDa","ME","TX","CAd"
"ND","MIb","MIb","ORb","WAd","ORb","MNb","MNd","WIa","MIb","MIa"
"NY","MIa","MIb","ORb","MNd","FLa","CAc","ORb","CAa","CAd","WAa"
"ORa","CAa","MIb","WIc","NY","IDc","IDc","WAb","IDb","GA","AZ"
"ORb","AZ","MIb","CAd","MIa","WAa","IDc","WAa","MNd","WIc","MNa"
"TX","MIa","WIc","NY","WIc","WAd","MIa","MNb","CAd","WAa","CAd"
"WAa","IDa","MNd","TX","MIa","MNc","WIc","WAb","IDa","WAa","NY"
"WAb","WAb","WAb","MIb","AZ","NY","AZ","WAd","IDa","WAd","MNc"
"WAc","WIb","MNd","WIc","WIb","ND","MNc","NY","WIc","WIc","AZ"
"WAd","CAd","TX","IDc","ORb","CAd","WIc","MIb","WIb","WAa","WAa"
"WIa","WAd","WIa","ORb","WIb","CAa","NY","MIa","CAa","ND","AZ"
"WIb","ND","MNa","MNc","WIb","MNc","MNc","WIb","ND","MNb","WIb"
"WIc","NY","MNd","FLc","ND","CAc","MNb","WAc","MNc","WIb","MNc"
