{
  "type": "FeatureCollection",
  "features": [
    {
      "type": "Feature",
      "properties": {
        "GEO_ID": "0500000US55097",
        "STATEID": "55",
        "STATE": "WI",
        "COUNTY": "097",
        "NAME": "PORTAGE",
        "LSAD": "County",
        "CENSUSAREA": 800.679,
        "LATLONG": [44.476246, -89.49807],
        "ANALOG": [43.754722, -88.493284],
        "CLOSESTANALOG": "FOND DU LAC",
        "ANALOGCOORDINATES": [
          [
            [-88.46757, 43.893415],
            [-88.403195, 43.892977],
            [-88.404187, 43.9382],
            [-88.314948, 43.937665],
            [-88.161654, 43.937683],
            [-88.162274, 43.891511],
            [-88.160873, 43.542943],
            [-88.400426, 43.543532],
            [-88.401041, 43.630933],
            [-88.886052, 43.63354],
            [-88.885697, 43.895184],
            [-88.46757, 43.893415]
          ]
        ]
      },
      "geometry": {
        "type": "Polygon",
        "coordinates": [
          [
            [-89.59798, 44.245725],
            [-89.724746, 44.247678],
            [-89.726622, 44.511191],
            [-89.84441, 44.511542],
            [-89.844931, 44.684945],
            [-89.223745, 44.681365],
            [-89.224892, 44.243546],
            [-89.59798, 44.245725]
          ]
        ]
      }
    },
    {
      "type": "Feature",
      "properties": {
        "GEO_ID": "0500000US55067",
        "STATEID": "55",
        "STATE": "WI",
        "COUNTY": "067",
        "NAME": "LANGLADE",
        "LSAD": "County",
        "CENSUSAREA": 870.64,
        "LATLONG": [45.259204, -89.06819],
        "ANALOG": [44.476246, -89.49807],
        "CLOSESTANALOG": "PORTAGE",
        "ANALOGCOORDINATES": [
          [
            [-89.59798, 44.245725],
            [-89.724746, 44.247678],
            [-89.726622, 44.511191],
            [-89.84441, 44.511542],
            [-89.844931, 44.684945],
            [-89.223745, 44.681365],
            [-89.224892, 44.243546],
            [-89.59798, 44.245725]
          ]
        ]
      },
      "geometry": {
        "type": "Polygon",
        "coordinates": [
          [
            [-88.98168, 45.028917],
            [-89.102069, 45.029499],
            [-89.223814, 45.029246],
            [-89.224214, 45.118567],
            [-89.425971, 45.119098],
            [-89.424824, 45.467257],
            [-89.364049, 45.469886],
            [-89.046315, 45.464762],
            [-88.923062, 45.465137],
            [-88.926025, 45.378637],
            [-88.677826, 45.378682],
            [-88.680066, 45.204994],
            [-88.641159, 45.117346],
            [-88.982176, 45.117733],
            [-88.98168, 45.028917]
          ]
        ]
      }
    },
    {
      "type": "Feature",
      "properties": {
        "GEO_ID": "0500000US55039",
        "STATEID": "55",
        "STATE": "WI",
        "COUNTY": "039",
        "NAME": "FOND DU LAC",
        "LSAD": "County",
        "CENSUSAREA": 719.553,
        "LATLONG": [43.754722, -88.493284],
        "ANALOG": [44.670893, -93.062481],
        "CLOSESTANALOG": "DAKOTA",
        "ANALOGCOORDINATES": [
          [
            [-92.802402, 44.745167],
            [-92.737259, 44.717155],
            [-92.732042, 44.713775],
            [-92.732043, 44.629484],
            [-92.792584, 44.629722],
            [-92.7926, 44.542971],
            [-93.039344, 44.51535],
            [-93.039485, 44.471871],
            [-93.281686, 44.471998],
            [-93.281521, 44.543957],
            [-93.318731, 44.630578],
            [-93.329615, 44.791086],
            [-93.197918, 44.861977],
            [-93.200744, 44.864884],
            [-93.189886, 44.871537],
            [-93.188627, 44.874096],
            [-93.186212, 44.876364],
            [-93.181772, 44.877829],
            [-93.178618, 44.880337],
            [-93.179613, 44.882748],
            [-93.182381, 44.884728],
            [-93.183148, 44.886739],
            [-93.178539, 44.888338],
            [-93.128629, 44.919648],
            [-93.020044, 44.89075],
            [-93.016466, 44.884611],
            [-93.012639, 44.869102],
            [-93.010076, 44.863787],
            [-93.005978, 44.771685],
            [-92.802201, 44.745714],
            [-92.802402, 44.745167]
          ]
        ]
      },
      "geometry": {
        "type": "Polygon",
        "coordinates": [
          [
            [-88.46757, 43.893415],
            [-88.403195, 43.892977],
            [-88.404187, 43.9382],
            [-88.314948, 43.937665],
            [-88.161654, 43.937683],
            [-88.162274, 43.891511],
            [-88.160873, 43.542943],
            [-88.400426, 43.543532],
            [-88.401041, 43.630933],
            [-88.886052, 43.63354],
            [-88.885697, 43.895184],
            [-88.46757, 43.893415]
          ]
        ]
      }
    },
    {
      "type": "Feature",
      "properties": {
        "GEO_ID": "0500000US53071",
        "STATEID": "53",
        "STATE": "WA",
        "COUNTY": "071",
        "NAME": "WALLA WALLA",
        "LSAD": "County",
        "CENSUSAREA": 1270.129,
        "LATLONG": [46.254606, -118.480374],
        "ANALOG": [45.5912, -118.73388],
        "CLOSESTANALOG": "UMATILLA",
        "ANALOGCOORDINATES": [
          [
            [-117.996911, 46.000787],
            [-117.977766, 46.000695],
            [-117.977688, 45.860558],
            [-117.972922, 45.860586],
            [-117.973666, 45.816978],
            [-118.045003, 45.817098],
            [-118.066823, 45.688365],
            [-118.117153, 45.688498],
            [-118.117053, 45.470754],
            [-118.198158, 45.470453],
            [-118.197957, 45.427153],
            [-118.428469, 45.428951],
            [-118.428268, 45.355151],
            [-118.697684, 45.345153],
            [-118.696782, 45.257653],
            [-118.655777, 45.196855],
            [-118.546678, 45.196951],
            [-118.548568, 45.080756],
            [-118.519063, 44.995956],
            [-119.163882, 44.995887],
            [-119.146402, 45.082963],
            [-119.14537, 45.516055],
            [-119.248276, 45.516102],
            [-119.248241, 45.601873],
            [-119.434639, 45.602771],
            [-119.432067, 45.913629],
            [-119.37613, 45.920974],
            [-119.322509, 45.933183],
            [-119.25715, 45.939926],
            [-119.225745, 45.932725],
            [-119.19553, 45.92787],
            [-119.169496, 45.927603],
            [-119.12612, 45.932859],
            [-119.093221, 45.942745],
            [-119.027056, 45.969134],
            [-119.008558, 45.97927],
            [-118.987129, 45.999855],
            [-118.67787, 46.000935],
            [-118.658717, 46.000955],
            [-118.639332, 46.000994],
            [-118.637725, 46.00097],
            [-118.579906, 46.000818],
            [-118.57571, 46.000718],
            [-118.569392, 46.000773],
            [-118.537119, 46.00084],
            [-118.497027, 46.00062],
            [-118.470756, 46.000632],
            [-118.37836, 46.000574],
            [-118.36779, 46.000622],
            [-118.314982, 46.000453],
            [-118.256368, 46.000439],
            [-118.25253, 46.000459],
            [-118.236584, 46.000418],
            [-118.228941, 46.000421],
            [-118.131019, 46.00028],
            [-118.126197, 46.000282],
            [-117.996911, 46.000787]
          ]
        ]
      },
      "geometry": {
        "type": "Polygon",
        "coordinates": [
          [
            [-118.228928, 46.593606],
            [-118.241611, 46.295072],
            [-118.116139, 46.295455],
            [-118.116493, 46.207912],
            [-117.991292, 46.207843],
            [-117.996911, 46.000787],
            [-118.126197, 46.000282],
            [-118.131019, 46.00028],
            [-118.228941, 46.000421],
            [-118.236584, 46.000418],
            [-118.25253, 46.000459],
            [-118.256368, 46.000439],
            [-118.314982, 46.000453],
            [-118.36779, 46.000622],
            [-118.37836, 46.000574],
            [-118.470756, 46.000632],
            [-118.497027, 46.00062],
            [-118.537119, 46.00084],
            [-118.569392, 46.000773],
            [-118.57571, 46.000718],
            [-118.579906, 46.000818],
            [-118.637725, 46.00097],
            [-118.639332, 46.000994],
            [-118.658717, 46.000955],
            [-118.67787, 46.000935],
            [-118.987129, 45.999855],
            [-118.941075, 46.029339],
            [-118.980933, 46.146296],
            [-119.041418, 46.192856],
            [-118.972827, 46.238705],
            [-118.777228, 46.290177],
            [-118.746199, 46.359512],
            [-118.633826, 46.414022],
            [-118.615592, 46.504543],
            [-118.452637, 46.596973],
            [-118.228928, 46.593606]
          ]
        ]
      }
    },
    {
      "type": "Feature",
      "properties": {
        "GEO_ID": "0500000US53057",
        "STATEID": "53",
        "STATE": "WA",
        "COUNTY": "057",
        "NAME": "SKAGIT",
        "LSAD": "County",
        "CENSUSAREA": 1731.203,
        "LATLONG": [48.588457, -122.649405],
        "ANALOG": [48.588457, -122.649405],
        "CLOSESTANALOG": "SKAGIT",
        "ANALOGCOORDINATES": [
          [
            [-122.37821, 48.29759],
            [-122.38431, 48.304123],
            [-122.408718, 48.326413],
            [-122.424102, 48.334346],
            [-122.442678, 48.337934],
            [-122.475529, 48.359912],
            [-122.482423, 48.361737],
            [-122.497686, 48.361837],
            [-122.507437, 48.364666],
            [-122.533452, 48.383409],
            [-122.539449, 48.39719],
            [-122.547492, 48.399889],
            [-122.554536, 48.40604],
            [-122.558403, 48.426758],
            [-122.551221, 48.439465],
            [-122.557298, 48.444438],
            [-122.568348, 48.44499],
            [-122.575254, 48.443333],
            [-122.581607, 48.429244],
            [-122.61448, 48.41488],
            [-122.649839, 48.408526],
            [-122.665338, 48.416453],
            [-122.674158, 48.424726],
            [-122.678928, 48.439466],
            [-122.677072, 48.444059],
            [-122.674188, 48.443327],
            [-122.674085, 48.441979],
            [-122.667249, 48.442503],
            [-122.654844, 48.454087],
            [-122.657753, 48.47294],
            [-122.664623, 48.478128],
            [-122.689121, 48.476849],
            [-122.695725, 48.464785],
            [-122.695587, 48.460558],
            [-122.700603, 48.457632],
            [-122.710362, 48.461584],
            [-122.712322, 48.464143],
            [-122.712981, 48.47879],
            [-122.701644, 48.497622],
            [-122.684521, 48.509123],
            [-122.679122, 48.507797],
            [-122.676922, 48.504484],
            [-122.671386, 48.50398],
            [-122.615183, 48.521427],
            [-122.606961, 48.522152],
            [-122.599951, 48.520946],
            [-122.598469, 48.512169],
            [-122.568071, 48.50821],
            [-122.556834, 48.498812],
            [-122.537355, 48.466749],
            [-122.532845, 48.466057],
            [-122.526943, 48.468004],
            [-122.515056, 48.465554],
            [-122.511348, 48.461825],
            [-122.500721, 48.460887],
            [-122.471832, 48.470724],
            [-122.469634, 48.472187],
            [-122.46967, 48.474975],
            [-122.473763, 48.47975],
            [-122.478851, 48.481736],
            [-122.483501, 48.49243],
            [-122.484996, 48.50962],
            [-122.483872, 48.521891],
            [-122.485288, 48.528106],
            [-122.498463, 48.556206],
            [-122.504428, 48.564775],
            [-122.52537, 48.567344],
            [-122.531978, 48.568644],
            [-122.534719, 48.574246],
            [-122.534787, 48.57596],
            [-122.512372, 48.578067],
            [-122.495904, 48.575927],
            [-122.488421, 48.564665],
            [-122.482406, 48.559653],
            [-122.478431, 48.559303],
            [-122.44456, 48.570115],
            [-122.433059, 48.581609],
            [-122.425271, 48.599522],
            [-122.448702, 48.622624],
            [-122.46425, 48.625717],
            [-122.486878, 48.643122],
            [-122.488754, 48.645358],
            [-121.251233, 48.640997],
            [-120.910534, 48.640937],
            [-120.752021, 48.657538],
            [-120.701557, 48.53162],
            [-120.824008, 48.545153],
            [-121.035823, 48.494749],
            [-121.069941, 48.316539],
            [-121.001409, 48.295548],
            [-122.37821, 48.29759]
          ]
        ]
      },
      "geometry": {
        "type": "MultiPolygon",
        "coordinates": [
          [
            [
              [-122.649405, 48.588457],
              [-122.642597, 48.588339],
              [-122.629321, 48.5722],
              [-122.610841, 48.561146],
              [-122.592901, 48.553635],
              [-122.583985, 48.551534],
              [-122.578856, 48.54813],
              [-122.572967, 48.529028],
              [-122.583565, 48.53234],
              [-122.590194, 48.536259],
              [-122.599948, 48.536904],
              [-122.619858, 48.529246],
              [-122.635738, 48.526021],
              [-122.640414, 48.52586],
              [-122.649256, 48.528769],
              [-122.652041, 48.531329],
              [-122.654342, 48.537956],
              [-122.653612, 48.548975],
              [-122.650786, 48.554019],
              [-122.652385, 48.583432],
              [-122.649405, 48.588457]
            ]
          ],
          [
            [
              [-122.714512, 48.60878],
              [-122.694672, 48.596602],
              [-122.691745, 48.590612],
              [-122.670638, 48.568812],
              [-122.68944, 48.543903],
              [-122.717278, 48.539739],
              [-122.722407, 48.540606],
              [-122.724031, 48.549906],
              [-122.73048, 48.565602],
              [-122.736199, 48.569005],
              [-122.73944, 48.573893],
              [-122.739898, 48.583949],
              [-122.72493, 48.603263],
              [-122.714512, 48.60878]
            ]
          ],
          [
            [
              [-122.699266, 48.621115],
              [-122.69806, 48.62308],
              [-122.674173, 48.629944],
              [-122.657016, 48.609891],
              [-122.666149, 48.608088],
              [-122.676796, 48.610055],
              [-122.686136, 48.613267],
              [-122.699266, 48.621115]
            ]
          ],
          [
            [
              [-122.37821, 48.29759],
              [-122.38431, 48.304123],
              [-122.408718, 48.326413],
              [-122.424102, 48.334346],
              [-122.442678, 48.337934],
              [-122.475529, 48.359912],
              [-122.482423, 48.361737],
              [-122.497686, 48.361837],
              [-122.507437, 48.364666],
              [-122.533452, 48.383409],
              [-122.539449, 48.39719],
              [-122.547492, 48.399889],
              [-122.554536, 48.40604],
              [-122.558403, 48.426758],
              [-122.551221, 48.439465],
              [-122.557298, 48.444438],
              [-122.568348, 48.44499],
              [-122.575254, 48.443333],
              [-122.581607, 48.429244],
              [-122.61448, 48.41488],
              [-122.649839, 48.408526],
              [-122.665338, 48.416453],
              [-122.674158, 48.424726],
              [-122.678928, 48.439466],
              [-122.677072, 48.444059],
              [-122.674188, 48.443327],
              [-122.674085, 48.441979],
              [-122.667249, 48.442503],
              [-122.654844, 48.454087],
              [-122.657753, 48.47294],
              [-122.664623, 48.478128],
              [-122.689121, 48.476849],
              [-122.695725, 48.464785],
              [-122.695587, 48.460558],
              [-122.700603, 48.457632],
              [-122.710362, 48.461584],
              [-122.712322, 48.464143],
              [-122.712981, 48.47879],
              [-122.701644, 48.497622],
              [-122.684521, 48.509123],
              [-122.679122, 48.507797],
              [-122.676922, 48.504484],
              [-122.671386, 48.50398],
              [-122.615183, 48.521427],
              [-122.606961, 48.522152],
              [-122.599951, 48.520946],
              [-122.598469, 48.512169],
              [-122.568071, 48.50821],
              [-122.556834, 48.498812],
              [-122.537355, 48.466749],
              [-122.532845, 48.466057],
              [-122.526943, 48.468004],
              [-122.515056, 48.465554],
              [-122.511348, 48.461825],
              [-122.500721, 48.460887],
              [-122.471832, 48.470724],
              [-122.469634, 48.472187],
              [-122.46967, 48.474975],
              [-122.473763, 48.47975],
              [-122.478851, 48.481736],
              [-122.483501, 48.49243],
              [-122.484996, 48.50962],
              [-122.483872, 48.521891],
              [-122.485288, 48.528106],
              [-122.498463, 48.556206],
              [-122.504428, 48.564775],
              [-122.52537, 48.567344],
              [-122.531978, 48.568644],
              [-122.534719, 48.574246],
              [-122.534787, 48.57596],
              [-122.512372, 48.578067],
              [-122.495904, 48.575927],
              [-122.488421, 48.564665],
              [-122.482406, 48.559653],
              [-122.478431, 48.559303],
              [-122.44456, 48.570115],
              [-122.433059, 48.581609],
              [-122.425271, 48.599522],
              [-122.448702, 48.622624],
              [-122.46425, 48.625717],
              [-122.486878, 48.643122],
              [-122.488754, 48.645358],
              [-121.251233, 48.640997],
              [-120.910534, 48.640937],
              [-120.752021, 48.657538],
              [-120.701557, 48.53162],
              [-120.824008, 48.545153],
              [-121.035823, 48.494749],
              [-121.069941, 48.316539],
              [-121.001409, 48.295548],
              [-122.37821, 48.29759]
            ]
          ]
        ]
      }
    },
    {
      "type": "Feature",
      "properties": {
        "GEO_ID": "0500000US53025",
        "STATEID": "53",
        "STATE": "WA",
        "COUNTY": "025",
        "NAME": "GRANT",
        "LSAD": "County",
        "CENSUSAREA": 2679.513,
        "LATLONG": [47.213633, -119.467788],
        "ANALOG": [45.5912, -118.73388],
        "CLOSESTANALOG": "UMATILLA",
        "ANALOGCOORDINATES": [
          [
            [-117.996911, 46.000787],
            [-117.977766, 46.000695],
            [-117.977688, 45.860558],
            [-117.972922, 45.860586],
            [-117.973666, 45.816978],
            [-118.045003, 45.817098],
            [-118.066823, 45.688365],
            [-118.117153, 45.688498],
            [-118.117053, 45.470754],
            [-118.198158, 45.470453],
            [-118.197957, 45.427153],
            [-118.428469, 45.428951],
            [-118.428268, 45.355151],
            [-118.697684, 45.345153],
            [-118.696782, 45.257653],
            [-118.655777, 45.196855],
            [-118.546678, 45.196951],
            [-118.548568, 45.080756],
            [-118.519063, 44.995956],
            [-119.163882, 44.995887],
            [-119.146402, 45.082963],
            [-119.14537, 45.516055],
            [-119.248276, 45.516102],
            [-119.248241, 45.601873],
            [-119.434639, 45.602771],
            [-119.432067, 45.913629],
            [-119.37613, 45.920974],
            [-119.322509, 45.933183],
            [-119.25715, 45.939926],
            [-119.225745, 45.932725],
            [-119.19553, 45.92787],
            [-119.169496, 45.927603],
            [-119.12612, 45.932859],
            [-119.093221, 45.942745],
            [-119.027056, 45.969134],
            [-119.008558, 45.97927],
            [-118.987129, 45.999855],
            [-118.67787, 46.000935],
            [-118.658717, 46.000955],
            [-118.639332, 46.000994],
            [-118.637725, 46.00097],
            [-118.579906, 46.000818],
            [-118.57571, 46.000718],
            [-118.569392, 46.000773],
            [-118.537119, 46.00084],
            [-118.497027, 46.00062],
            [-118.470756, 46.000632],
            [-118.37836, 46.000574],
            [-118.36779, 46.000622],
            [-118.314982, 46.000453],
            [-118.256368, 46.000439],
            [-118.25253, 46.000459],
            [-118.236584, 46.000418],
            [-118.228941, 46.000421],
            [-118.131019, 46.00028],
            [-118.126197, 46.000282],
            [-117.996911, 46.000787]
          ]
        ]
      },
      "geometry": {
        "type": "Polygon",
        "coordinates": [
          [
            [-118.979519, 47.261712],
            [-118.982545, 46.911346],
            [-119.13607, 46.91222],
            [-119.368662, 46.912562],
            [-119.369387, 46.737696],
            [-119.368939, 46.678204],
            [-119.45322, 46.679243],
            [-119.515653, 46.727396],
            [-119.626139, 46.644983],
            [-119.874057, 46.628585],
            [-119.973017, 46.737171],
            [-119.927537, 46.817092],
            [-120.042866, 47.073453],
            [-120.007065, 47.220053],
            [-120.004767, 47.320052],
            [-119.875835, 47.437352],
            [-119.533624, 47.441317],
            [-119.532889, 47.527563],
            [-119.405196, 47.612471],
            [-119.341708, 47.612348],
            [-119.298744, 47.728277],
            [-119.212499, 47.800652],
            [-119.212149, 47.887617],
            [-119.125659, 47.917253],
            [-119.104041, 47.961763],
            [-118.982394, 47.962019],
            [-118.982754, 47.949782],
            [-118.973502, 47.94357],
            [-118.97648, 47.659033],
            [-118.979519, 47.261712]
          ]
        ]
      }
    },
    {
      "type": "Feature",
      "properties": {
        "GEO_ID": "0500000US53005",
        "STATEID": "53",
        "STATE": "WA",
        "COUNTY": "005",
        "NAME": "BENTON",
        "LSAD": "County",
        "CENSUSAREA": 1700.379,
        "LATLONG": [46.228072, -119.516864],
        "ANALOG": [46.254606, -118.480374],
        "CLOSESTANALOG": "WALLA WALLA",
        "ANALOGCOORDINATES": [
          [
            [-118.228928, 46.593606],
            [-118.241611, 46.295072],
            [-118.116139, 46.295455],
            [-118.116493, 46.207912],
            [-117.991292, 46.207843],
            [-117.996911, 46.000787],
            [-118.126197, 46.000282],
            [-118.131019, 46.00028],
            [-118.228941, 46.000421],
            [-118.236584, 46.000418],
            [-118.25253, 46.000459],
            [-118.256368, 46.000439],
            [-118.314982, 46.000453],
            [-118.36779, 46.000622],
            [-118.37836, 46.000574],
            [-118.470756, 46.000632],
            [-118.497027, 46.00062],
            [-118.537119, 46.00084],
            [-118.569392, 46.000773],
            [-118.57571, 46.000718],
            [-118.579906, 46.000818],
            [-118.637725, 46.00097],
            [-118.639332, 46.000994],
            [-118.658717, 46.000955],
            [-118.67787, 46.000935],
            [-118.987129, 45.999855],
            [-118.941075, 46.029339],
            [-118.980933, 46.146296],
            [-119.041418, 46.192856],
            [-118.972827, 46.238705],
            [-118.777228, 46.290177],
            [-118.746199, 46.359512],
            [-118.633826, 46.414022],
            [-118.615592, 46.504543],
            [-118.452637, 46.596973],
            [-118.228928, 46.593606]
          ]
        ]
      },
      "geometry": {
        "type": "Polygon",
        "coordinates": [
          [
            [-119.868135, 45.835962],
            [-119.866265, 46.040662],
            [-119.874057, 46.628585],
            [-119.626139, 46.644983],
            [-119.515653, 46.727396],
            [-119.45322, 46.679243],
            [-119.258292, 46.489457],
            [-119.268928, 46.277957],
            [-119.041418, 46.192856],
            [-118.980933, 46.146296],
            [-118.941075, 46.029339],
            [-118.987129, 45.999855],
            [-119.008558, 45.97927],
            [-119.027056, 45.969134],
            [-119.093221, 45.942745],
            [-119.12612, 45.932859],
            [-119.169496, 45.927603],
            [-119.19553, 45.92787],
            [-119.225745, 45.932725],
            [-119.25715, 45.939926],
            [-119.322509, 45.933183],
            [-119.37613, 45.920974],
            [-119.432067, 45.913629],
            [-119.487829, 45.906307],
            [-119.524632, 45.908605],
            [-119.571584, 45.925456],
            [-119.600549, 45.919581],
            [-119.623393, 45.905639],
            [-119.669877, 45.856867],
            [-119.772927, 45.845578],
            [-119.802655, 45.84753],
            [-119.868135, 45.835962]
          ]
        ]
      }
    },
    {
      "type": "Feature",
      "properties": {
        "GEO_ID": "0500000US48215",
        "STATEID": "48",
        "STATE": "TX",
        "COUNTY": "215",
        "NAME": "HIDALGO",
        "LSAD": "County",
        "CENSUSAREA": 1570.865,
        "LATLONG": [26.348156, -97.861875],
        "ANALOG": [26.348156, -97.861875],
        "CLOSESTANALOG": "HIDALGO",
        "ANALOGCOORDINATES": [
          [
            [-97.861875, 26.348156],
            [-97.861837, 26.15948],
            [-97.861822, 26.069921],
            [-97.863056, 26.061273],
            [-97.888699, 26.064931],
            [-98.008307, 26.061147],
            [-98.011883, 26.056608],
            [-98.044517, 26.043746],
            [-98.132605, 26.057507],
            [-98.241664, 26.074544],
            [-98.264514, 26.085507],
            [-98.386694, 26.157872],
            [-98.438822, 26.212022],
            [-98.466167, 26.223245],
            [-98.58581, 26.257403],
            [-98.58672, 26.257456],
            [-98.493812, 26.441167],
            [-98.491943, 26.445362],
            [-98.478268, 26.469813],
            [-98.32067, 26.783081],
            [-97.985494, 26.780917],
            [-97.985303, 26.615809],
            [-97.957405, 26.611769],
            [-98.004189, 26.448784],
            [-97.86192, 26.433579],
            [-97.861875, 26.348156]
          ]
        ]
      },
      "geometry": {
        "type": "Polygon",
        "coordinates": [
          [
            [-97.861875, 26.348156],
            [-97.861837, 26.15948],
            [-97.861822, 26.069921],
            [-97.863056, 26.061273],
            [-97.888699, 26.064931],
            [-98.008307, 26.061147],
            [-98.011883, 26.056608],
            [-98.044517, 26.043746],
            [-98.132605, 26.057507],
            [-98.241664, 26.074544],
            [-98.264514, 26.085507],
            [-98.386694, 26.157872],
            [-98.438822, 26.212022],
            [-98.466167, 26.223245],
            [-98.58581, 26.257403],
            [-98.58672, 26.257456],
            [-98.493812, 26.441167],
            [-98.491943, 26.445362],
            [-98.478268, 26.469813],
            [-98.32067, 26.783081],
            [-97.985494, 26.780917],
            [-97.985303, 26.615809],
            [-97.957405, 26.611769],
            [-98.004189, 26.448784],
            [-97.86192, 26.433579],
            [-97.861875, 26.348156]
          ]
        ]
      }
    },
    {
      "type": "Feature",
      "properties": {
        "GEO_ID": "0500000US41059",
        "STATEID": "41",
        "STATE": "OR",
        "COUNTY": "059",
        "NAME": "UMATILLA",
        "LSAD": "County",
        "CENSUSAREA": 3215.509,
        "LATLONG": [45.5912, -118.73388],
        "ANALOG": [46.254606, -118.480374],
        "CLOSESTANALOG": "WALLA WALLA",
        "ANALOGCOORDINATES": [
          [
            [-118.228928, 46.593606],
            [-118.241611, 46.295072],
            [-118.116139, 46.295455],
            [-118.116493, 46.207912],
            [-117.991292, 46.207843],
            [-117.996911, 46.000787],
            [-118.126197, 46.000282],
            [-118.131019, 46.00028],
            [-118.228941, 46.000421],
            [-118.236584, 46.000418],
            [-118.25253, 46.000459],
            [-118.256368, 46.000439],
            [-118.314982, 46.000453],
            [-118.36779, 46.000622],
            [-118.37836, 46.000574],
            [-118.470756, 46.000632],
            [-118.497027, 46.00062],
            [-118.537119, 46.00084],
            [-118.569392, 46.000773],
            [-118.57571, 46.000718],
            [-118.579906, 46.000818],
            [-118.637725, 46.00097],
            [-118.639332, 46.000994],
            [-118.658717, 46.000955],
            [-118.67787, 46.000935],
            [-118.987129, 45.999855],
            [-118.941075, 46.029339],
            [-118.980933, 46.146296],
            [-119.041418, 46.192856],
            [-118.972827, 46.238705],
            [-118.777228, 46.290177],
            [-118.746199, 46.359512],
            [-118.633826, 46.414022],
            [-118.615592, 46.504543],
            [-118.452637, 46.596973],
            [-118.228928, 46.593606]
          ]
        ]
      },
      "geometry": {
        "type": "Polygon",
        "coordinates": [
          [
            [-117.996911, 46.000787],
            [-117.977766, 46.000695],
            [-117.977688, 45.860558],
            [-117.972922, 45.860586],
            [-117.973666, 45.816978],
            [-118.045003, 45.817098],
            [-118.066823, 45.688365],
            [-118.117153, 45.688498],
            [-118.117053, 45.470754],
            [-118.198158, 45.470453],
            [-118.197957, 45.427153],
            [-118.428469, 45.428951],
            [-118.428268, 45.355151],
            [-118.697684, 45.345153],
            [-118.696782, 45.257653],
            [-118.655777, 45.196855],
            [-118.546678, 45.196951],
            [-118.548568, 45.080756],
            [-118.519063, 44.995956],
            [-119.163882, 44.995887],
            [-119.146402, 45.082963],
            [-119.14537, 45.516055],
            [-119.248276, 45.516102],
            [-119.248241, 45.601873],
            [-119.434639, 45.602771],
            [-119.432067, 45.913629],
            [-119.37613, 45.920974],
            [-119.322509, 45.933183],
            [-119.25715, 45.939926],
            [-119.225745, 45.932725],
            [-119.19553, 45.92787],
            [-119.169496, 45.927603],
            [-119.12612, 45.932859],
            [-119.093221, 45.942745],
            [-119.027056, 45.969134],
            [-119.008558, 45.97927],
            [-118.987129, 45.999855],
            [-118.67787, 46.000935],
            [-118.658717, 46.000955],
            [-118.639332, 46.000994],
            [-118.637725, 46.00097],
            [-118.579906, 46.000818],
            [-118.57571, 46.000718],
            [-118.569392, 46.000773],
            [-118.537119, 46.00084],
            [-118.497027, 46.00062],
            [-118.470756, 46.000632],
            [-118.37836, 46.000574],
            [-118.36779, 46.000622],
            [-118.314982, 46.000453],
            [-118.256368, 46.000439],
            [-118.25253, 46.000459],
            [-118.236584, 46.000418],
            [-118.228941, 46.000421],
            [-118.131019, 46.00028],
            [-118.126197, 46.000282],
            [-117.996911, 46.000787]
          ]
        ]
      }
    },
    {
      "type": "Feature",
      "properties": {
        "GEO_ID": "0500000US41047",
        "STATEID": "41",
        "STATE": "OR",
        "COUNTY": "047",
        "NAME": "MARION",
        "LSAD": "County",
        "CENSUSAREA": 1182.326,
        "LATLONG": [44.885782, -121.734167],
        "ANALOG": [44.885782, -121.734167],
        "CLOSESTANALOG": "MARION",
        "ANALOGCOORDINATES": [
          [
            [-121.734167, 44.885782],
            [-121.733782, 44.88174],
            [-121.745582, 44.87544],
            [-121.753182, 44.86124],
            [-121.751131, 44.85699],
            [-121.742481, 44.85314],
            [-121.742081, 44.84534],
            [-121.749381, 44.83354],
            [-121.75948, 44.82564],
            [-121.794077, 44.68394],
            [-122.033233, 44.685678],
            [-122.154047, 44.719762],
            [-122.230559, 44.697867],
            [-122.288446, 44.753065],
            [-122.478373, 44.755551],
            [-122.619769, 44.78895],
            [-122.798369, 44.791564],
            [-123.006847, 44.686898],
            [-123.061509, 44.747952],
            [-123.143556, 44.74967],
            [-123.092503, 44.813538],
            [-123.178687, 44.833551],
            [-123.113081, 44.928577],
            [-123.039507, 44.951741],
            [-123.069955, 45.075108],
            [-122.996959, 45.11979],
            [-123.040165, 45.221961],
            [-122.962688, 45.284254],
            [-122.900435, 45.257063],
            [-122.849723, 45.259654],
            [-122.738988, 45.259532],
            [-122.788386, 45.130129],
            [-122.508396, 44.919805],
            [-122.395327, 44.885734],
            [-121.734167, 44.885782]
          ]
        ]
      },
      "geometry": {
        "type": "Polygon",
        "coordinates": [
          [
            [-121.734167, 44.885782],
            [-121.733782, 44.88174],
            [-121.745582, 44.87544],
            [-121.753182, 44.86124],
            [-121.751131, 44.85699],
            [-121.742481, 44.85314],
            [-121.742081, 44.84534],
            [-121.749381, 44.83354],
            [-121.75948, 44.82564],
            [-121.794077, 44.68394],
            [-122.033233, 44.685678],
            [-122.154047, 44.719762],
            [-122.230559, 44.697867],
            [-122.288446, 44.753065],
            [-122.478373, 44.755551],
            [-122.619769, 44.78895],
            [-122.798369, 44.791564],
            [-123.006847, 44.686898],
            [-123.061509, 44.747952],
            [-123.143556, 44.74967],
            [-123.092503, 44.813538],
            [-123.178687, 44.833551],
            [-123.113081, 44.928577],
            [-123.039507, 44.951741],
            [-123.069955, 45.075108],
            [-122.996959, 45.11979],
            [-123.040165, 45.221961],
            [-122.962688, 45.284254],
            [-122.900435, 45.257063],
            [-122.849723, 45.259654],
            [-122.738988, 45.259532],
            [-122.788386, 45.130129],
            [-122.508396, 44.919805],
            [-122.395327, 44.885734],
            [-121.734167, 44.885782]
          ]
        ]
      }
    },
    {
      "type": "Feature",
      "properties": {
        "GEO_ID": "0500000US36037",
        "STATEID": "36",
        "STATE": "NY",
        "COUNTY": "037",
        "NAME": "GENESEE_NY",
        "LSAD": "County",
        "CENSUSAREA": 492.936,
        "LATLONG": [42.867461, -78.464381],
        "ANALOG": [42.867461, -78.464381],
        "CLOSESTANALOG": "GENESEE_NY",
        "ANALOGCOORDINATES": [
          [
            [-78.464381, 42.867461],
            [-78.463887, 42.924325],
            [-78.464449, 43.088703],
            [-78.464306, 43.091514],
            [-78.465505, 43.128619],
            [-78.410876, 43.130643],
            [-77.99729, 43.132981],
            [-77.905934, 43.133561],
            [-77.951044, 43.039544],
            [-77.909832, 42.987762],
            [-77.954964, 42.862754],
            [-78.464381, 42.867461]
          ]
        ]
      },
      "geometry": {
        "type": "Polygon",
        "coordinates": [
          [
            [-78.464381, 42.867461],
            [-78.463887, 42.924325],
            [-78.464449, 43.088703],
            [-78.464306, 43.091514],
            [-78.465505, 43.128619],
            [-78.410876, 43.130643],
            [-77.99729, 43.132981],
            [-77.905934, 43.133561],
            [-77.951044, 43.039544],
            [-77.909832, 42.987762],
            [-77.954964, 42.862754],
            [-78.464381, 42.867461]
          ]
        ]
      }
    },
    {
      "type": "Feature",
      "properties": {
        "GEO_ID": "0500000US38099",
        "STATEID": "38",
        "STATE": "ND",
        "COUNTY": "099",
        "NAME": "WALSH",
        "LSAD": "County",
        "CENSUSAREA": 1281.931,
        "LATLONG": [48.376979, -97.72223],
        "ANALOG": [44.723697, -94.955617],
        "CLOSESTANALOG": "RENVILLE",
        "ANALOGCOORDINATES": [
          [
            [-94.78063, 44.45665],
            [-94.865824, 44.498218],
            [-95.132652, 44.596443],
            [-95.360177, 44.69854],
            [-95.482843, 44.752505],
            [-95.482889, 44.890712],
            [-95.24852, 44.89131],
            [-94.758189, 44.892097],
            [-94.502395, 44.892295],
            [-94.49773, 44.892334],
            [-94.498074, 44.717171],
            [-94.629489, 44.716663],
            [-94.6242, 44.45603],
            [-94.78063, 44.45665]
          ]
        ]
      },
      "geometry": {
        "type": "Polygon",
        "coordinates": [
          [
            [-98.318098, 48.543773],
            [-97.927154, 48.543124],
            [-97.162466, 48.54225],
            [-97.16111, 48.543155],
            [-97.150541, 48.539449],
            [-97.12677, 48.520191],
            [-97.123399, 48.421201],
            [-97.131479, 48.406586],
            [-97.145693, 48.397431],
            [-97.136373, 48.352393],
            [-97.126745, 48.34214],
            [-97.115581, 48.323928],
            [-97.11657, 48.279661],
            [-97.12993, 48.249731],
            [-97.134534, 48.249737],
            [-97.143148, 48.246708],
            [-97.14717, 48.242966],
            [-97.147401, 48.193779],
            [-97.903434, 48.194897],
            [-98.292184, 48.195177],
            [-98.318098, 48.543773]
          ]
        ]
      }
    },
    {
      "type": "Feature",
      "properties": {
        "GEO_ID": "0500000US27047",
        "STATEID": "27",
        "STATE": "MN",
        "COUNTY": "047",
        "NAME": "FREEBORN",
        "LSAD": "County",
        "CENSUSAREA": 707.087,
        "LATLONG": [43.674202, -93.350289],
        "ANALOG": [44.670893, -93.062481],
        "CLOSESTANALOG": "DAKOTA",
        "ANALOGCOORDINATES": [
          [
            [-92.802402, 44.745167],
            [-92.737259, 44.717155],
            [-92.732042, 44.713775],
            [-92.732043, 44.629484],
            [-92.792584, 44.629722],
            [-92.7926, 44.542971],
            [-93.039344, 44.51535],
            [-93.039485, 44.471871],
            [-93.281686, 44.471998],
            [-93.281521, 44.543957],
            [-93.318731, 44.630578],
            [-93.329615, 44.791086],
            [-93.197918, 44.861977],
            [-93.200744, 44.864884],
            [-93.189886, 44.871537],
            [-93.188627, 44.874096],
            [-93.186212, 44.876364],
            [-93.181772, 44.877829],
            [-93.178618, 44.880337],
            [-93.179613, 44.882748],
            [-93.182381, 44.884728],
            [-93.183148, 44.886739],
            [-93.178539, 44.888338],
            [-93.128629, 44.919648],
            [-93.020044, 44.89075],
            [-93.016466, 44.884611],
            [-93.012639, 44.869102],
            [-93.010076, 44.863787],
            [-93.005978, 44.771685],
            [-92.802201, 44.745714],
            [-92.802402, 44.745167]
          ]
        ]
      },
      "geometry": {
        "type": "Polygon",
        "coordinates": [
          [
            [-93.64829, 43.848139],
            [-93.406642, 43.84812],
            [-93.049524, 43.848443],
            [-93.049192, 43.499571],
            [-93.228861, 43.499567],
            [-93.2718, 43.499356],
            [-93.399035, 43.499485],
            [-93.428509, 43.499478],
            [-93.468563, 43.499473],
            [-93.472804, 43.4994],
            [-93.482009, 43.499482],
            [-93.488261, 43.499417],
            [-93.49735, 43.499456],
            [-93.497405, 43.499456],
            [-93.528482, 43.499471],
            [-93.532178, 43.499472],
            [-93.558631, 43.499521],
            [-93.576728, 43.49952],
            [-93.617131, 43.499548],
            [-93.648533, 43.499559],
            [-93.64829, 43.848139]
          ]
        ]
      }
    },
    {
      "type": "Feature",
      "properties": {
        "GEO_ID": "0500000US27037",
        "STATEID": "27",
        "STATE": "MN",
        "COUNTY": "037",
        "NAME": "DAKOTA",
        "LSAD": "County",
        "CENSUSAREA": 562.168,
        "LATLONG": [44.670893, -93.062481],
        "ANALOG": [43.754722, -88.493284],
        "CLOSESTANALOG": "FOND DU LAC",
        "ANALOGCOORDINATES": [
          [
            [-88.46757, 43.893415],
            [-88.403195, 43.892977],
            [-88.404187, 43.9382],
            [-88.314948, 43.937665],
            [-88.161654, 43.937683],
            [-88.162274, 43.891511],
            [-88.160873, 43.542943],
            [-88.400426, 43.543532],
            [-88.401041, 43.630933],
            [-88.886052, 43.63354],
            [-88.885697, 43.895184],
            [-88.46757, 43.893415]
          ]
        ]
      },
      "geometry": {
        "type": "Polygon",
        "coordinates": [
          [
            [-92.802402, 44.745167],
            [-92.737259, 44.717155],
            [-92.732042, 44.713775],
            [-92.732043, 44.629484],
            [-92.792584, 44.629722],
            [-92.7926, 44.542971],
            [-93.039344, 44.51535],
            [-93.039485, 44.471871],
            [-93.281686, 44.471998],
            [-93.281521, 44.543957],
            [-93.318731, 44.630578],
            [-93.329615, 44.791086],
            [-93.197918, 44.861977],
            [-93.200744, 44.864884],
            [-93.189886, 44.871537],
            [-93.188627, 44.874096],
            [-93.186212, 44.876364],
            [-93.181772, 44.877829],
            [-93.178618, 44.880337],
            [-93.179613, 44.882748],
            [-93.182381, 44.884728],
            [-93.183148, 44.886739],
            [-93.178539, 44.888338],
            [-93.128629, 44.919648],
            [-93.020044, 44.89075],
            [-93.016466, 44.884611],
            [-93.012639, 44.869102],
            [-93.010076, 44.863787],
            [-93.005978, 44.771685],
            [-92.802201, 44.745714],
            [-92.802402, 44.745167]
          ]
        ]
      }
    },
    {
      "type": "Feature",
      "properties": {
        "GEO_ID": "0500000US27129",
        "STATEID": "27",
        "STATE": "MN",
        "COUNTY": "129",
        "NAME": "RENVILLE",
        "LSAD": "County",
        "CENSUSAREA": 982.906,
        "LATLONG": [44.723697, -94.955617],
        "ANALOG": [44.670893, -93.062481],
        "CLOSESTANALOG": "DAKOTA",
        "ANALOGCOORDINATES": [
          [
            [-92.802402, 44.745167],
            [-92.737259, 44.717155],
            [-92.732042, 44.713775],
            [-92.732043, 44.629484],
            [-92.792584, 44.629722],
            [-92.7926, 44.542971],
            [-93.039344, 44.51535],
            [-93.039485, 44.471871],
            [-93.281686, 44.471998],
            [-93.281521, 44.543957],
            [-93.318731, 44.630578],
            [-93.329615, 44.791086],
            [-93.197918, 44.861977],
            [-93.200744, 44.864884],
            [-93.189886, 44.871537],
            [-93.188627, 44.874096],
            [-93.186212, 44.876364],
            [-93.181772, 44.877829],
            [-93.178618, 44.880337],
            [-93.179613, 44.882748],
            [-93.182381, 44.884728],
            [-93.183148, 44.886739],
            [-93.178539, 44.888338],
            [-93.128629, 44.919648],
            [-93.020044, 44.89075],
            [-93.016466, 44.884611],
            [-93.012639, 44.869102],
            [-93.010076, 44.863787],
            [-93.005978, 44.771685],
            [-92.802201, 44.745714],
            [-92.802402, 44.745167]
          ]
        ]
      },
      "geometry": {
        "type": "Polygon",
        "coordinates": [
          [
            [-94.78063, 44.45665],
            [-94.865824, 44.498218],
            [-95.132652, 44.596443],
            [-95.360177, 44.69854],
            [-95.482843, 44.752505],
            [-95.482889, 44.890712],
            [-95.24852, 44.89131],
            [-94.758189, 44.892097],
            [-94.502395, 44.892295],
            [-94.49773, 44.892334],
            [-94.498074, 44.717171],
            [-94.629489, 44.716663],
            [-94.6242, 44.45603],
            [-94.78063, 44.45665]
          ]
        ]
      }
    },
    {
      "type": "Feature",
      "properties": {
        "GEO_ID": "0500000US27111",
        "STATEID": "27",
        "STATE": "MN",
        "COUNTY": "111",
        "NAME": "OTTER TAIL",
        "LSAD": "County",
        "CENSUSAREA": 1972.068,
        "LATLONG": [46.405725, -95.714578],
        "ANALOG": [44.723697, -94.955617],
        "CLOSESTANALOG": "RENVILLE",
        "ANALOGCOORDINATES": [
          [
            [-94.78063, 44.45665],
            [-94.865824, 44.498218],
            [-95.132652, 44.596443],
            [-95.360177, 44.69854],
            [-95.482843, 44.752505],
            [-95.482889, 44.890712],
            [-95.24852, 44.89131],
            [-94.758189, 44.892097],
            [-94.502395, 44.892295],
            [-94.49773, 44.892334],
            [-94.498074, 44.717171],
            [-94.629489, 44.716663],
            [-94.6242, 44.45603],
            [-94.78063, 44.45665]
          ]
        ]
      },
      "geometry": {
        "type": "Polygon",
        "coordinates": [
          [
            [-95.15557, 46.36888],
            [-95.14588, 46.106761],
            [-95.76975, 46.10745],
            [-96.265366, 46.10861],
            [-96.28, 46.28222],
            [-96.280977, 46.630765],
            [-96.17227, 46.630709],
            [-96.174587, 46.717854],
            [-95.247999, 46.716255],
            [-95.16371, 46.71764],
            [-95.15557, 46.36888]
          ]
        ]
      }
    },
    {
      "type": "Feature",
      "properties": {
        "GEO_ID": "0500000US26117",
        "STATEID": "26",
        "STATE": "MI",
        "COUNTY": "117",
        "NAME": "MONTCALM",
        "LSAD": "County",
        "CENSUSAREA": 705.399,
        "LATLONG": [43.312782, -85.149468],
        "ANALOG": [41.911488, -85.52287],
        "CLOSESTANALOG": "ST. JOSEPH",
        "ANALOGCOORDINATES": [
          [
            [-85.724534, 41.759085],
            [-85.749992, 41.759091],
            [-85.750469, 41.75909],
            [-85.775039, 41.759147],
            [-85.791335, 41.759051],
            [-85.760186, 41.798814],
            [-85.762943, 42.069327],
            [-85.293626, 42.071553],
            [-85.292178, 41.759963],
            [-85.298365, 41.760028],
            [-85.30814, 41.760097],
            [-85.318129, 41.759983],
            [-85.330623, 41.759982],
            [-85.350174, 41.759908],
            [-85.379133, 41.759875],
            [-85.427553, 41.759706],
            [-85.432471, 41.759684],
            [-85.515959, 41.759352],
            [-85.518251, 41.759513],
            [-85.607548, 41.759079],
            [-85.608312, 41.759193],
            [-85.622608, 41.759049],
            [-85.624987, 41.759093],
            [-85.632714, 41.759164],
            [-85.647683, 41.759125],
            [-85.650738, 41.759103],
            [-85.65975, 41.759101],
            [-85.724534, 41.759085]
          ]
        ]
      },
      "geometry": {
        "type": "Polygon",
        "coordinates": [
          [
            [-85.312513, 43.118793],
            [-85.312376, 43.294205],
            [-85.562538, 43.294271],
            [-85.562392, 43.468247],
            [-85.084996, 43.46619],
            [-84.845962, 43.466158],
            [-84.836889, 43.118851],
            [-85.312513, 43.118793]
          ]
        ]
      }
    },
    {
      "type": "Feature",
      "properties": {
        "GEO_ID": "0500000US23003",
        "STATEID": "23",
        "STATE": "ME",
        "COUNTY": "003",
        "NAME": "AROOSTOOK",
        "LSAD": "County",
        "CENSUSAREA": 6671.33,
        "LATLONG": [46.727057, -68.64941],
        "ANALOG": [45.259204, -89.06819],
        "CLOSESTANALOG": "LANGLADE",
        "ANALOGCOORDINATES": [
          [
            [-88.98168, 45.028917],
            [-89.102069, 45.029499],
            [-89.223814, 45.029246],
            [-89.224214, 45.118567],
            [-89.425971, 45.119098],
            [-89.424824, 45.467257],
            [-89.364049, 45.469886],
            [-89.046315, 45.464762],
            [-88.923062, 45.465137],
            [-88.926025, 45.378637],
            [-88.677826, 45.378682],
            [-88.680066, 45.204994],
            [-88.641159, 45.117346],
            [-88.982176, 45.117733],
            [-88.98168, 45.028917]
          ]
        ]
      },
      "geometry": {
        "type": "Polygon",
        "coordinates": [
          [
            [-68.433001, 45.581204],
            [-68.436443, 46.382121],
            [-68.694877, 46.382612],
            [-68.69492, 46.395505],
            [-68.819401, 46.395782],
            [-68.821414, 46.57251],
            [-69.721109, 46.574053],
            [-70.023016, 46.573486],
            [-69.997086, 46.69523],
            [-69.818552, 46.87503],
            [-69.566383, 47.125032],
            [-69.22442, 47.459686],
            [-69.146439, 47.44886],
            [-69.055465, 47.432274],
            [-69.042702, 47.426651],
            [-69.032909, 47.407907],
            [-69.031127, 47.403106],
            [-69.04079, 47.39808],
            [-69.041733, 47.397326],
            [-69.03928, 47.385052],
            [-69.043958, 47.383682],
            [-69.046448, 47.383934],
            [-69.053819, 47.375036],
            [-69.050334, 47.256621],
            [-69.0402, 47.2451],
            [-69.033456, 47.240984],
            [-68.982002, 47.220295],
            [-68.941948, 47.206248],
            [-68.926421, 47.19786],
            [-68.900985, 47.178519],
            [-68.85343, 47.193443],
            [-68.723168, 47.239569],
            [-68.580398, 47.286957],
            [-68.474851, 47.297534],
            [-68.361559, 47.355605],
            [-68.33368, 47.36007],
            [-68.284101, 47.360389],
            [-68.240168, 47.354217],
            [-68.224005, 47.348456],
            [-68.153509, 47.314038],
            [-67.955669, 47.199542],
            [-67.952269, 47.196142],
            [-67.949369, 47.182542],
            [-67.935868, 47.164843],
            [-67.889155, 47.118772],
            [-67.846865, 47.092404],
            [-67.816345, 47.081188],
            [-67.790515, 47.067921],
            [-67.789461, 47.062544],
            [-67.78938, 46.765528],
            [-67.789284, 46.758219],
            [-67.782114, 46.279381],
            [-67.781095, 45.943032],
            [-67.768709, 45.901997],
            [-67.763955, 45.829983],
            [-67.763767, 45.820315],
            [-67.780443, 45.816206],
            [-67.801989, 45.803546],
            [-67.806598, 45.794723],
            [-67.817892, 45.693705],
            [-67.805483, 45.680241],
            [-68.048012, 45.639897],
            [-68.410884, 45.573337],
            [-68.414389, 45.572848],
            [-68.433028, 45.578482],
            [-68.433001, 45.581204]
          ]
        ]
      }
    },
    {
      "type": "Feature",
      "properties": {
        "GEO_ID": "0500000US16067",
        "STATEID": "16",
        "STATE": "ID",
        "COUNTY": "067",
        "NAME": "MINIDOKA",
        "LSAD": "County",
        "CENSUSAREA": 757.591,
        "LATLONG": [42.856937, -113.64001],
        "ANALOG": [43.216357, -112.399206],
        "CLOSESTANALOG": "BINGHAM",
        "ANALOGCOORDINATES": [
          [
            [-112.697408, 43.623011],
            [-112.519945, 43.62656],
            [-112.520024, 43.425099],
            [-112.103298, 43.425057],
            [-112.043821, 43.366708],
            [-111.822589, 43.366135],
            [-111.822742, 43.2822],
            [-111.587795, 43.28163],
            [-111.589615, 43.020052],
            [-112.063055, 43.022364],
            [-112.676152, 43.022012],
            [-112.750503, 42.951443],
            [-112.816427, 42.863253],
            [-113.00776, 42.863051],
            [-113.007657, 43.111027],
            [-113.00729, 43.284801],
            [-112.947187, 43.284725],
            [-112.936835, 43.449386],
            [-112.816659, 43.449048],
            [-112.816193, 43.535869],
            [-112.69908, 43.540244],
            [-112.697408, 43.623011]
          ]
        ]
      },
      "geometry": {
        "type": "Polygon",
        "coordinates": [
          [
            [-113.931799, 42.535275],
            [-113.932904, 42.765032],
            [-113.763862, 42.764508],
            [-113.713928, 42.849733],
            [-113.714701, 43.20003],
            [-113.413693, 43.199785],
            [-113.413026, 42.84925],
            [-113.472155, 42.849218],
            [-113.472177, 42.669251],
            [-113.557609, 42.656416],
            [-113.655338, 42.535663],
            [-113.779811, 42.55687],
            [-113.931799, 42.535275]
          ]
        ]
      }
    },
    {
      "type": "Feature",
      "properties": {
        "GEO_ID": "0500000US16027",
        "STATEID": "16",
        "STATE": "ID",
        "COUNTY": "027",
        "NAME": "CANYON",
        "LSAD": "County",
        "CENSUSAREA": 587.37,
        "LATLONG": [43.623051, -116.708527],
        "ANALOG": [43.623051, -116.708527],
        "CLOSESTANALOG": "CANYON",
        "ANALOGCOORDINATES": [
          [
            [-117.026623, 43.680865],
            [-117.026586, 43.683001],
            [-117.026825, 43.706193],
            [-117.026725, 43.714815],
            [-117.026841, 43.732905],
            [-117.026651, 43.733935],
            [-117.026634, 43.808104],
            [-116.996504, 43.864714],
            [-116.982482, 43.872799],
            [-116.979186, 43.879973],
            [-116.85322, 43.7926],
            [-116.712672, 43.807161],
            [-116.707332, 43.807279],
            [-116.512559, 43.807216],
            [-116.513123, 43.634183],
            [-116.473492, 43.634103],
            [-116.473713, 43.459216],
            [-116.513364, 43.45932],
            [-116.511722, 43.290253],
            [-116.780671, 43.477217],
            [-116.841528, 43.593168],
            [-117.026623, 43.680865]
          ]
        ]
      },
      "geometry": {
        "type": "Polygon",
        "coordinates": [
          [
            [-117.026623, 43.680865],
            [-117.026586, 43.683001],
            [-117.026825, 43.706193],
            [-117.026725, 43.714815],
            [-117.026841, 43.732905],
            [-117.026651, 43.733935],
            [-117.026634, 43.808104],
            [-116.996504, 43.864714],
            [-116.982482, 43.872799],
            [-116.979186, 43.879973],
            [-116.85322, 43.7926],
            [-116.712672, 43.807161],
            [-116.707332, 43.807279],
            [-116.512559, 43.807216],
            [-116.513123, 43.634183],
            [-116.473492, 43.634103],
            [-116.473713, 43.459216],
            [-116.513364, 43.45932],
            [-116.511722, 43.290253],
            [-116.780671, 43.477217],
            [-116.841528, 43.593168],
            [-117.026623, 43.680865]
          ]
        ]
      }
    },
    {
      "type": "Feature",
      "properties": {
        "GEO_ID": "0500000US16011",
        "STATEID": "16",
        "STATE": "ID",
        "COUNTY": "011",
        "NAME": "BINGHAM",
        "LSAD": "County",
        "CENSUSAREA": 2093.978,
        "LATLONG": [43.216357, -112.399206],
        "ANALOG": [42.856937, -113.64001],
        "CLOSESTANALOG": "MINIDOKA",
        "ANALOGCOORDINATES": [
          [
            [-113.931799, 42.535275],
            [-113.932904, 42.765032],
            [-113.763862, 42.764508],
            [-113.713928, 42.849733],
            [-113.714701, 43.20003],
            [-113.413693, 43.199785],
            [-113.413026, 42.84925],
            [-113.472155, 42.849218],
            [-113.472177, 42.669251],
            [-113.557609, 42.656416],
            [-113.655338, 42.535663],
            [-113.779811, 42.55687],
            [-113.931799, 42.535275]
          ]
        ]
      },
      "geometry": {
        "type": "Polygon",
        "coordinates": [
          [
            [-112.697408, 43.623011],
            [-112.519945, 43.62656],
            [-112.520024, 43.425099],
            [-112.103298, 43.425057],
            [-112.043821, 43.366708],
            [-111.822589, 43.366135],
            [-111.822742, 43.2822],
            [-111.587795, 43.28163],
            [-111.589615, 43.020052],
            [-112.063055, 43.022364],
            [-112.676152, 43.022012],
            [-112.750503, 42.951443],
            [-112.816427, 42.863253],
            [-113.00776, 42.863051],
            [-113.007657, 43.111027],
            [-113.00729, 43.284801],
            [-112.947187, 43.284725],
            [-112.936835, 43.449386],
            [-112.816659, 43.449048],
            [-112.816193, 43.535869],
            [-112.69908, 43.540244],
            [-112.697408, 43.623011]
          ]
        ]
      }
    },
    {
      "type": "Feature",
      "properties": {
        "GEO_ID": "0500000US13087",
        "STATEID": "13",
        "STATE": "GA",
        "COUNTY": "087",
        "NAME": "DECATUR",
        "LSAD": "County",
        "CENSUSAREA": 597.14,
        "LATLONG": [30.877961, -84.577744],
        "ANALOG": [27.953115, -81.692783],
        "CLOSESTANALOG": "POLK",
        "ANALOGCOORDINATES": [
          [
            [-81.818903, 28.361712],
            [-81.657268, 28.347098],
            [-81.657189, 28.259217],
            [-81.551345, 28.249045],
            [-81.524083, 28.201012],
            [-81.524227, 28.142805],
            [-81.455647, 28.142894],
            [-81.455315, 28.085367],
            [-81.375467, 28.0851],
            [-81.378718, 28.011743],
            [-81.308696, 27.92188],
            [-81.301862, 27.862081],
            [-81.208124, 27.821125],
            [-81.131495, 27.6494],
            [-81.142164, 27.643238],
            [-81.563318, 27.646647],
            [-82.054349, 27.646382],
            [-82.054035, 27.850683],
            [-82.056404, 28.080385],
            [-82.056261, 28.171592],
            [-82.105853, 28.17165],
            [-82.106206, 28.25924],
            [-82.055819, 28.312794],
            [-81.957641, 28.34518],
            [-81.818903, 28.361712]
          ]
        ]
      },
      "geometry": {
        "type": "Polygon",
        "coordinates": [
          [
            [-84.508078, 31.0784],
            [-84.376612, 31.078883],
            [-84.380719, 30.689673],
            [-84.535042, 30.696523],
            [-84.53937, 30.696775],
            [-84.606249, 30.699872],
            [-84.606386, 30.699865],
            [-84.863465, 30.711487],
            [-84.755917, 30.88527],
            [-84.730855, 31.06919],
            [-84.542653, 31.079029],
            [-84.508078, 31.0784]
          ]
        ]
      }
    },
    {
      "type": "Feature",
      "properties": {
        "GEO_ID": "0500000US12051",
        "STATEID": "12",
        "STATE": "FL",
        "COUNTY": "051",
        "NAME": "HENDRY",
        "LSAD": "County",
        "CENSUSAREA": 1152.75,
        "LATLONG": [26.259455, -80.879809],
        "ANALOG": [26.259455, -80.879809],
        "CLOSESTANALOG": "HENDRY",
        "ANALOGCOORDINATES": [
          [
            [-80.879809, 26.259455],
            [-81.26855, 26.253045],
            [-81.271721, 26.422651],
            [-81.271768, 26.517069],
            [-81.563763, 26.513324],
            [-81.565931, 26.769552],
            [-80.945354, 26.769049],
            [-80.885639, 26.958919],
            [-80.886099, 26.72548],
            [-80.881233, 26.333806],
            [-80.879809, 26.259455]
          ]
        ]
      },
      "geometry": {
        "type": "Polygon",
        "coordinates": [
          [
            [-80.879809, 26.259455],
            [-81.26855, 26.253045],
            [-81.271721, 26.422651],
            [-81.271768, 26.517069],
            [-81.563763, 26.513324],
            [-81.565931, 26.769552],
            [-80.945354, 26.769049],
            [-80.885639, 26.958919],
            [-80.886099, 26.72548],
            [-80.881233, 26.333806],
            [-80.879809, 26.259455]
          ]
        ]
      }
    },
    {
      "type": "Feature",
      "properties": {
        "GEO_ID": "0500000US12105",
        "STATEID": "12",
        "STATE": "FL",
        "COUNTY": "105",
        "NAME": "POLK",
        "LSAD": "County",
        "CENSUSAREA": 1797.837,
        "LATLONG": [27.953115, -81.692783],
        "ANALOG": [27.953115, -81.692783],
        "CLOSESTANALOG": "POLK",
        "ANALOGCOORDINATES": [
          [
            [-81.818903, 28.361712],
            [-81.657268, 28.347098],
            [-81.657189, 28.259217],
            [-81.551345, 28.249045],
            [-81.524083, 28.201012],
            [-81.524227, 28.142805],
            [-81.455647, 28.142894],
            [-81.455315, 28.085367],
            [-81.375467, 28.0851],
            [-81.378718, 28.011743],
            [-81.308696, 27.92188],
            [-81.301862, 27.862081],
            [-81.208124, 27.821125],
            [-81.131495, 27.6494],
            [-81.142164, 27.643238],
            [-81.563318, 27.646647],
            [-82.054349, 27.646382],
            [-82.054035, 27.850683],
            [-82.056404, 28.080385],
            [-82.056261, 28.171592],
            [-82.105853, 28.17165],
            [-82.106206, 28.25924],
            [-82.055819, 28.312794],
            [-81.957641, 28.34518],
            [-81.818903, 28.361712]
          ]
        ]
      },
      "geometry": {
        "type": "Polygon",
        "coordinates": [
          [
            [-81.818903, 28.361712],
            [-81.657268, 28.347098],
            [-81.657189, 28.259217],
            [-81.551345, 28.249045],
            [-81.524083, 28.201012],
            [-81.524227, 28.142805],
            [-81.455647, 28.142894],
            [-81.455315, 28.085367],
            [-81.375467, 28.0851],
            [-81.378718, 28.011743],
            [-81.308696, 27.92188],
            [-81.301862, 27.862081],
            [-81.208124, 27.821125],
            [-81.131495, 27.6494],
            [-81.142164, 27.643238],
            [-81.563318, 27.646647],
            [-82.054349, 27.646382],
            [-82.054035, 27.850683],
            [-82.056404, 28.080385],
            [-82.056261, 28.171592],
            [-82.105853, 28.17165],
            [-82.106206, 28.25924],
            [-82.055819, 28.312794],
            [-81.957641, 28.34518],
            [-81.818903, 28.361712]
          ]
        ]
      }
    },
    {
      "type": "Feature",
      "properties": {
        "GEO_ID": "0500000US12109",
        "STATEID": "12",
        "STATE": "FL",
        "COUNTY": "109",
        "NAME": "ST. JOHNS",
        "LSAD": "County",
        "CENSUSAREA": 600.655,
        "LATLONG": [29.890593, -81.383914],
        "ANALOG": [27.953115, -81.692783],
        "CLOSESTANALOG": "POLK",
        "ANALOGCOORDINATES": [
          [
            [-81.818903, 28.361712],
            [-81.657268, 28.347098],
            [-81.657189, 28.259217],
            [-81.551345, 28.249045],
            [-81.524083, 28.201012],
            [-81.524227, 28.142805],
            [-81.455647, 28.142894],
            [-81.455315, 28.085367],
            [-81.375467, 28.0851],
            [-81.378718, 28.011743],
            [-81.308696, 27.92188],
            [-81.301862, 27.862081],
            [-81.208124, 27.821125],
            [-81.131495, 27.6494],
            [-81.142164, 27.643238],
            [-81.563318, 27.646647],
            [-82.054349, 27.646382],
            [-82.054035, 27.850683],
            [-82.056404, 28.080385],
            [-82.056261, 28.171592],
            [-82.105853, 28.17165],
            [-82.106206, 28.25924],
            [-82.055819, 28.312794],
            [-81.957641, 28.34518],
            [-81.818903, 28.361712]
          ]
        ]
      },
      "geometry": {
        "type": "Polygon",
        "coordinates": [
          [
            [-81.601212, 30.130541],
            [-81.433737, 30.106028],
            [-81.436929, 30.252335],
            [-81.379879, 30.252914],
            [-81.355591, 30.162563],
            [-81.308978, 29.96944],
            [-81.295268, 29.928614],
            [-81.288955, 29.91518],
            [-81.27654, 29.90046],
            [-81.270442, 29.883106],
            [-81.264693, 29.858212],
            [-81.263396, 29.820663],
            [-81.256711, 29.784693],
            [-81.240924, 29.739218],
            [-81.229015, 29.714693],
            [-81.212878, 29.670667],
            [-81.324059, 29.62561],
            [-81.52366, 29.622432],
            [-81.523691, 29.624995],
            [-81.523866, 29.631538],
            [-81.52523, 29.759497],
            [-81.581207, 29.840176],
            [-81.60099, 29.956017],
            [-81.688876, 30.028566],
            [-81.680215, 30.12124],
            [-81.650514, 30.121541],
            [-81.623813, 30.133641],
            [-81.601212, 30.130541]
          ]
        ]
      }
    },
    {
      "type": "Feature",
      "properties": {
        "GEO_ID": "0500000US26149",
        "STATEID": "26",
        "STATE": "MI",
        "COUNTY": "149",
        "NAME": "ST. JOSEPH",
        "LSAD": "County",
        "CENSUSAREA": 500.591,
        "LATLONG": [41.911488, -85.52287],
        "ANALOG": [41.911488, -85.52287],
        "CLOSESTANALOG": "ST. JOSEPH",
        "ANALOGCOORDINATES": [
          [
            [-85.724534, 41.759085],
            [-85.749992, 41.759091],
            [-85.750469, 41.75909],
            [-85.775039, 41.759147],
            [-85.791335, 41.759051],
            [-85.760186, 41.798814],
            [-85.762943, 42.069327],
            [-85.293626, 42.071553],
            [-85.292178, 41.759963],
            [-85.298365, 41.760028],
            [-85.30814, 41.760097],
            [-85.318129, 41.759983],
            [-85.330623, 41.759982],
            [-85.350174, 41.759908],
            [-85.379133, 41.759875],
            [-85.427553, 41.759706],
            [-85.432471, 41.759684],
            [-85.515959, 41.759352],
            [-85.518251, 41.759513],
            [-85.607548, 41.759079],
            [-85.608312, 41.759193],
            [-85.622608, 41.759049],
            [-85.624987, 41.759093],
            [-85.632714, 41.759164],
            [-85.647683, 41.759125],
            [-85.650738, 41.759103],
            [-85.65975, 41.759101],
            [-85.724534, 41.759085]
          ]
        ]
      },
      "geometry": {
        "type": "Polygon",
        "coordinates": [
          [
            [-85.724534, 41.759085],
            [-85.749992, 41.759091],
            [-85.750469, 41.75909],
            [-85.775039, 41.759147],
            [-85.791335, 41.759051],
            [-85.760186, 41.798814],
            [-85.762943, 42.069327],
            [-85.293626, 42.071553],
            [-85.292178, 41.759963],
            [-85.298365, 41.760028],
            [-85.30814, 41.760097],
            [-85.318129, 41.759983],
            [-85.330623, 41.759982],
            [-85.350174, 41.759908],
            [-85.379133, 41.759875],
            [-85.427553, 41.759706],
            [-85.432471, 41.759684],
            [-85.515959, 41.759352],
            [-85.518251, 41.759513],
            [-85.607548, 41.759079],
            [-85.608312, 41.759193],
            [-85.622608, 41.759049],
            [-85.624987, 41.759093],
            [-85.632714, 41.759164],
            [-85.647683, 41.759125],
            [-85.650738, 41.759103],
            [-85.65975, 41.759101],
            [-85.724534, 41.759085]
          ]
        ]
      }
    },
    {
      "type": "Feature",
      "properties": {
        "GEO_ID": "0500000US08105",
        "STATEID": "08",
        "STATE": "CO",
        "COUNTY": "105",
        "NAME": "RIO GRANDE",
        "LSAD": "County",
        "CENSUSAREA": 911.958,
        "LATLONG": [37.404228, -106.710775],
        "ANALOG": [37.404228, -106.710775],
        "CLOSESTANALOG": "RIO GRANDE",
        "ANALOGCOORDINATES": [
          [
            [-106.710775, 37.404228],
            [-106.711624, 37.664273],
            [-106.693845, 37.835244],
            [-106.587139, 37.834426],
            [-106.586374, 37.747809],
            [-106.038413, 37.748353],
            [-106.039331, 37.400852],
            [-106.678373, 37.403596],
            [-106.710775, 37.404228]
          ]
        ]
      },
      "geometry": {
        "type": "Polygon",
        "coordinates": [
          [
            [-106.710775, 37.404228],
            [-106.711624, 37.664273],
            [-106.693845, 37.835244],
            [-106.587139, 37.834426],
            [-106.586374, 37.747809],
            [-106.038413, 37.748353],
            [-106.039331, 37.400852],
            [-106.678373, 37.403596],
            [-106.710775, 37.404228]
          ]
        ]
      }
    },
    {
      "type": "Feature",
      "properties": {
        "GEO_ID": "0500000US06113",
        "STATEID": "06",
        "STATE": "CA",
        "COUNTY": "113",
        "NAME": "YOLO",
        "LSAD": "County",
        "CENSUSAREA": 1014.689,
        "LATLONG": [38.466563, -121.504139],
        "ANALOG": [38.466563, -121.504139],
        "CLOSESTANALOG": "YOLO",
        "ANALOGCOORDINATES": [
          [
            [-121.504139, 38.466563],
            [-121.521641, 38.360104],
            [-121.593273, 38.313089],
            [-121.693697, 38.313732],
            [-121.694679, 38.52705],
            [-121.940285, 38.533384],
            [-122.011673, 38.488991],
            [-122.103281, 38.513348],
            [-122.111563, 38.524051],
            [-122.128123, 38.583697],
            [-122.151772, 38.625297],
            [-122.168349, 38.619297],
            [-122.164944, 38.642462],
            [-122.287999, 38.839932],
            [-122.395056, 38.864245],
            [-122.340172, 38.924246],
            [-122.337967, 38.923945],
            [-121.835488, 38.924481],
            [-121.723149, 38.851306],
            [-121.685998, 38.763371],
            [-121.602894, 38.735838],
            [-121.605774, 38.718319],
            [-121.630446, 38.697571],
            [-121.62576, 38.673133],
            [-121.594069, 38.644106],
            [-121.576068, 38.648604],
            [-121.549869, 38.599405],
            [-121.527667, 38.604604],
            [-121.506269, 38.586305],
            [-121.520965, 38.566205],
            [-121.51129, 38.54629],
            [-121.559167, 38.498007],
            [-121.538766, 38.474707],
            [-121.504139, 38.466563]
          ]
        ]
      },
      "geometry": {
        "type": "Polygon",
        "coordinates": [
          [
            [-121.504139, 38.466563],
            [-121.521641, 38.360104],
            [-121.593273, 38.313089],
            [-121.693697, 38.313732],
            [-121.694679, 38.52705],
            [-121.940285, 38.533384],
            [-122.011673, 38.488991],
            [-122.103281, 38.513348],
            [-122.111563, 38.524051],
            [-122.128123, 38.583697],
            [-122.151772, 38.625297],
            [-122.168349, 38.619297],
            [-122.164944, 38.642462],
            [-122.287999, 38.839932],
            [-122.395056, 38.864245],
            [-122.340172, 38.924246],
            [-122.337967, 38.923945],
            [-121.835488, 38.924481],
            [-121.723149, 38.851306],
            [-121.685998, 38.763371],
            [-121.602894, 38.735838],
            [-121.605774, 38.718319],
            [-121.630446, 38.697571],
            [-121.62576, 38.673133],
            [-121.594069, 38.644106],
            [-121.576068, 38.648604],
            [-121.549869, 38.599405],
            [-121.527667, 38.604604],
            [-121.506269, 38.586305],
            [-121.520965, 38.566205],
            [-121.51129, 38.54629],
            [-121.559167, 38.498007],
            [-121.538766, 38.474707],
            [-121.504139, 38.466563]
          ]
        ]
      }
    },
    {
      "type": "Feature",
      "properties": {
        "GEO_ID": "0500000US06053",
        "STATEID": "06",
        "STATE": "CA",
        "COUNTY": "053",
        "NAME": "MONTEREY",
        "LSAD": "County",
        "CENSUSAREA": 3280.595,
        "LATLONG": [35.789276, -120.213979],
        "ANALOG": [35.789276, -120.213979],
        "CLOSESTANALOG": "MONTEREY",
        "ANALOGCOORDINATES": [
          [
            [-120.213979, 35.789276],
            [-121.175695, 35.794102],
            [-121.346363, 35.795183],
            [-121.356737, 35.804187],
            [-121.388053, 35.823483],
            [-121.406823, 35.844623],
            [-121.413146, 35.855316],
            [-121.426955, 35.860103],
            [-121.439584, 35.86695],
            [-121.462264, 35.885618],
            [-121.461227, 35.896906],
            [-121.463452, 35.904416],
            [-121.472435, 35.91989],
            [-121.4862, 35.970348],
            [-121.503112, 36.000299],
            [-121.51159, 36.006598],
            [-121.531876, 36.014368],
            [-121.553716, 36.019798],
            [-121.569612, 36.021539],
            [-121.574602, 36.025156],
            [-121.590395, 36.050363],
            [-121.589183, 36.053775],
            [-121.592853, 36.065062],
            [-121.606845, 36.072065],
            [-121.618672, 36.087767],
            [-121.622009, 36.099695],
            [-121.629634, 36.114452],
            [-121.680145, 36.165818],
            [-121.717176, 36.195146],
            [-121.779851, 36.227407],
            [-121.797059, 36.234211],
            [-121.806979, 36.232907],
            [-121.813734, 36.234235],
            [-121.826425, 36.24186],
            [-121.835785, 36.250748],
            [-121.83935, 36.260478],
            [-121.851967, 36.277831],
            [-121.874797, 36.289064],
            [-121.888491, 36.30281],
            [-121.894714, 36.317806],
            [-121.892917, 36.340428],
            [-121.905446, 36.358269],
            [-121.902669, 36.363901],
            [-121.901813, 36.381879],
            [-121.903195, 36.393603],
            [-121.905657, 36.398206],
            [-121.914378, 36.404344],
            [-121.917463, 36.414809],
            [-121.91474, 36.42589],
            [-121.9255, 36.453918],
            [-121.937205, 36.472488],
            [-121.9416, 36.485602],
            [-121.939216, 36.496896],
            [-121.938763, 36.506423],
            [-121.943678, 36.511802],
            [-121.944666, 36.521861],
            [-121.928769, 36.523147],
            [-121.925937, 36.525173],
            [-121.932508, 36.559935],
            [-121.942533, 36.566435],
            [-121.949659, 36.567602],
            [-121.95146, 36.564009],
            [-121.957335, 36.564482],
            [-121.972594, 36.57337],
            [-121.978592, 36.580488],
            [-121.970427, 36.582754],
            [-121.941666, 36.618059],
            [-121.938551, 36.633908],
            [-121.93643, 36.636746],
            [-121.929666, 36.636959],
            [-121.923866, 36.634559],
            [-121.890164, 36.609259],
            [-121.889064, 36.601759],
            [-121.886764, 36.601459],
            [-121.871364, 36.604559],
            [-121.860604, 36.611136],
            [-121.842263, 36.630059],
            [-121.831995, 36.644856],
            [-121.825052, 36.657207],
            [-121.814462, 36.682858],
            [-121.807062, 36.714157],
            [-121.805643, 36.750239],
            [-121.788278, 36.803994],
            [-121.791544, 36.815186],
            [-121.809363, 36.848654],
            [-121.810552, 36.850648],
            [-121.745288, 36.909341],
            [-121.644001, 36.893996],
            [-121.597698, 36.83735],
            [-121.45134, 36.724793],
            [-121.468086, 36.685518],
            [-121.350092, 36.648357],
            [-121.318373, 36.610026],
            [-121.311788, 36.502736],
            [-121.244091, 36.506911],
            [-121.193465, 36.445751],
            [-121.040797, 36.323969],
            [-121.02724, 36.259893],
            [-120.920551, 36.311012],
            [-120.86508, 36.292578],
            [-120.761483, 36.20358],
            [-120.718169, 36.196848],
            [-120.75834, 36.308604],
            [-120.678582, 36.267319],
            [-120.62691, 36.203227],
            [-120.648784, 36.10799],
            [-120.315068, 35.907186],
            [-120.243275, 35.877669],
            [-120.213979, 35.789276]
          ]
        ]
      },
      "geometry": {
        "type": "Polygon",
        "coordinates": [
          [
            [-120.213979, 35.789276],
            [-121.175695, 35.794102],
            [-121.346363, 35.795183],
            [-121.356737, 35.804187],
            [-121.388053, 35.823483],
            [-121.406823, 35.844623],
            [-121.413146, 35.855316],
            [-121.426955, 35.860103],
            [-121.439584, 35.86695],
            [-121.462264, 35.885618],
            [-121.461227, 35.896906],
            [-121.463452, 35.904416],
            [-121.472435, 35.91989],
            [-121.4862, 35.970348],
            [-121.503112, 36.000299],
            [-121.51159, 36.006598],
            [-121.531876, 36.014368],
            [-121.553716, 36.019798],
            [-121.569612, 36.021539],
            [-121.574602, 36.025156],
            [-121.590395, 36.050363],
            [-121.589183, 36.053775],
            [-121.592853, 36.065062],
            [-121.606845, 36.072065],
            [-121.618672, 36.087767],
            [-121.622009, 36.099695],
            [-121.629634, 36.114452],
            [-121.680145, 36.165818],
            [-121.717176, 36.195146],
            [-121.779851, 36.227407],
            [-121.797059, 36.234211],
            [-121.806979, 36.232907],
            [-121.813734, 36.234235],
            [-121.826425, 36.24186],
            [-121.835785, 36.250748],
            [-121.83935, 36.260478],
            [-121.851967, 36.277831],
            [-121.874797, 36.289064],
            [-121.888491, 36.30281],
            [-121.894714, 36.317806],
            [-121.892917, 36.340428],
            [-121.905446, 36.358269],
            [-121.902669, 36.363901],
            [-121.901813, 36.381879],
            [-121.903195, 36.393603],
            [-121.905657, 36.398206],
            [-121.914378, 36.404344],
            [-121.917463, 36.414809],
            [-121.91474, 36.42589],
            [-121.9255, 36.453918],
            [-121.937205, 36.472488],
            [-121.9416, 36.485602],
            [-121.939216, 36.496896],
            [-121.938763, 36.506423],
            [-121.943678, 36.511802],
            [-121.944666, 36.521861],
            [-121.928769, 36.523147],
            [-121.925937, 36.525173],
            [-121.932508, 36.559935],
            [-121.942533, 36.566435],
            [-121.949659, 36.567602],
            [-121.95146, 36.564009],
            [-121.957335, 36.564482],
            [-121.972594, 36.57337],
            [-121.978592, 36.580488],
            [-121.970427, 36.582754],
            [-121.941666, 36.618059],
            [-121.938551, 36.633908],
            [-121.93643, 36.636746],
            [-121.929666, 36.636959],
            [-121.923866, 36.634559],
            [-121.890164, 36.609259],
            [-121.889064, 36.601759],
            [-121.886764, 36.601459],
            [-121.871364, 36.604559],
            [-121.860604, 36.611136],
            [-121.842263, 36.630059],
            [-121.831995, 36.644856],
            [-121.825052, 36.657207],
            [-121.814462, 36.682858],
            [-121.807062, 36.714157],
            [-121.805643, 36.750239],
            [-121.788278, 36.803994],
            [-121.791544, 36.815186],
            [-121.809363, 36.848654],
            [-121.810552, 36.850648],
            [-121.745288, 36.909341],
            [-121.644001, 36.893996],
            [-121.597698, 36.83735],
            [-121.45134, 36.724793],
            [-121.468086, 36.685518],
            [-121.350092, 36.648357],
            [-121.318373, 36.610026],
            [-121.311788, 36.502736],
            [-121.244091, 36.506911],
            [-121.193465, 36.445751],
            [-121.040797, 36.323969],
            [-121.02724, 36.259893],
            [-120.920551, 36.311012],
            [-120.86508, 36.292578],
            [-120.761483, 36.20358],
            [-120.718169, 36.196848],
            [-120.75834, 36.308604],
            [-120.678582, 36.267319],
            [-120.62691, 36.203227],
            [-120.648784, 36.10799],
            [-120.315068, 35.907186],
            [-120.243275, 35.877669],
            [-120.213979, 35.789276]
          ]
        ]
      }
    },
    {
      "type": "Feature",
      "properties": {
        "GEO_ID": "0500000US06025",
        "STATEID": "06",
        "STATE": "CA",
        "COUNTY": "025",
        "NAME": "IMPERIAL",
        "LSAD": "County",
        "CENSUSAREA": 4176.603,
        "LATLONG": [32.904115, -116.103137],
        "ANALOG": [32.904115, -116.103137],
        "CLOSESTANALOG": "IMPERIAL",
        "ANALOGCOORDINATES": [
          [
            [-116.103137, 32.904115],
            [-116.08109, 33.074833],
            [-116.085165, 33.425932],
            [-115.467506, 33.426992],
            [-114.627125, 33.433554],
            [-114.665278, 33.415358],
            [-114.721233, 33.396912],
            [-114.700103, 33.341045],
            [-114.672088, 33.258499],
            [-114.67536, 33.185489],
            [-114.679359, 33.159519],
            [-114.687074, 33.142196],
            [-114.696829, 33.131209],
            [-114.706175, 33.105335],
            [-114.707819, 33.091102],
            [-114.675104, 33.047532],
            [-114.62387, 33.02872],
            [-114.606282, 33.025703],
            [-114.589778, 33.026228],
            [-114.584765, 33.028231],
            [-114.578287, 33.035375],
            [-114.571653, 33.036624],
            [-114.523578, 33.030961],
            [-114.516912, 33.026871],
            [-114.511343, 33.023455],
            [-114.468605, 32.971649],
            [-114.46289, 32.905797],
            [-114.465715, 32.87942],
            [-114.465715, 32.879191],
            [-114.496284, 32.822326],
            [-114.496827, 32.822119],
            [-114.615733, 32.729427],
            [-114.615585, 32.728446],
            [-114.65826, 32.733799],
            [-114.65884, 32.73383],
            [-114.677091, 32.736218],
            [-114.678632, 32.736614],
            [-114.719633, 32.718763],
            [-115.465164, 32.6671],
            [-115.875842, 32.636424],
            [-116.106159, 32.618328],
            [-116.103137, 32.904115]
          ]
        ]
      },
      "geometry": {
        "type": "Polygon",
        "coordinates": [
          [
            [-116.103137, 32.904115],
            [-116.08109, 33.074833],
            [-116.085165, 33.425932],
            [-115.467506, 33.426992],
            [-114.627125, 33.433554],
            [-114.665278, 33.415358],
            [-114.721233, 33.396912],
            [-114.700103, 33.341045],
            [-114.672088, 33.258499],
            [-114.67536, 33.185489],
            [-114.679359, 33.159519],
            [-114.687074, 33.142196],
            [-114.696829, 33.131209],
            [-114.706175, 33.105335],
            [-114.707819, 33.091102],
            [-114.675104, 33.047532],
            [-114.62387, 33.02872],
            [-114.606282, 33.025703],
            [-114.589778, 33.026228],
            [-114.584765, 33.028231],
            [-114.578287, 33.035375],
            [-114.571653, 33.036624],
            [-114.523578, 33.030961],
            [-114.516912, 33.026871],
            [-114.511343, 33.023455],
            [-114.468605, 32.971649],
            [-114.46289, 32.905797],
            [-114.465715, 32.87942],
            [-114.465715, 32.879191],
            [-114.496284, 32.822326],
            [-114.496827, 32.822119],
            [-114.615733, 32.729427],
            [-114.615585, 32.728446],
            [-114.65826, 32.733799],
            [-114.65884, 32.73383],
            [-114.677091, 32.736218],
            [-114.678632, 32.736614],
            [-114.719633, 32.718763],
            [-115.465164, 32.6671],
            [-115.875842, 32.636424],
            [-116.106159, 32.618328],
            [-116.103137, 32.904115]
          ]
        ]
      }
    },
    {
      "type": "Feature",
      "properties": {
        "GEO_ID": "0500000US06019",
        "STATEID": "06",
        "STATE": "CA",
        "COUNTY": "019",
        "NAME": "FRESNO",
        "LSAD": "County",
        "CENSUSAREA": 5957.991,
        "LATLONG": [36.488835, -119.573194],
        "ANALOG": [36.488835, -119.573194],
        "CLOSESTANALOG": "FRESNO",
        "ANALOGCOORDINATES": [
          [
            [-119.573194, 36.488835],
            [-119.66629, 36.41896],
            [-119.905119, 36.401741],
            [-119.959227, 36.400975],
            [-119.95921, 36.181403],
            [-120.315068, 35.907186],
            [-120.648784, 36.10799],
            [-120.62691, 36.203227],
            [-120.678582, 36.267319],
            [-120.596562, 36.328488],
            [-120.603706, 36.488242],
            [-120.918731, 36.740381],
            [-120.65595, 36.952832],
            [-120.590566, 36.952641],
            [-120.541696, 37.044505],
            [-120.422187, 36.840139],
            [-120.229179, 36.769687],
            [-120.132898, 36.809841],
            [-120.079458, 36.825345],
            [-120.027775, 36.814505],
            [-120.013334, 36.828228],
            [-119.932551, 36.84299],
            [-119.823421, 36.848333],
            [-119.733852, 36.948558],
            [-119.537677, 37.104019],
            [-119.559412, 37.143619],
            [-119.470844, 37.110548],
            [-119.43306, 37.161516],
            [-119.361916, 37.167849],
            [-119.330573, 37.205791],
            [-119.335189, 37.310774],
            [-119.286658, 37.374943],
            [-119.022363, 37.585737],
            [-118.775014, 37.463052],
            [-118.786736, 37.34338],
            [-118.716016, 37.328208],
            [-118.665167, 37.261009],
            [-118.654593, 37.141826],
            [-118.437137, 37.059818],
            [-118.360586, 36.744773],
            [-118.982441, 36.741646],
            [-118.984779, 36.657147],
            [-119.304625, 36.660606],
            [-119.305102, 36.573725],
            [-119.466322, 36.575238],
            [-119.573194, 36.488835]
          ]
        ]
      },
      "geometry": {
        "type": "Polygon",
        "coordinates": [
          [
            [-119.573194, 36.488835],
            [-119.66629, 36.41896],
            [-119.905119, 36.401741],
            [-119.959227, 36.400975],
            [-119.95921, 36.181403],
            [-120.315068, 35.907186],
            [-120.648784, 36.10799],
            [-120.62691, 36.203227],
            [-120.678582, 36.267319],
            [-120.596562, 36.328488],
            [-120.603706, 36.488242],
            [-120.918731, 36.740381],
            [-120.65595, 36.952832],
            [-120.590566, 36.952641],
            [-120.541696, 37.044505],
            [-120.422187, 36.840139],
            [-120.229179, 36.769687],
            [-120.132898, 36.809841],
            [-120.079458, 36.825345],
            [-120.027775, 36.814505],
            [-120.013334, 36.828228],
            [-119.932551, 36.84299],
            [-119.823421, 36.848333],
            [-119.733852, 36.948558],
            [-119.537677, 37.104019],
            [-119.559412, 37.143619],
            [-119.470844, 37.110548],
            [-119.43306, 37.161516],
            [-119.361916, 37.167849],
            [-119.330573, 37.205791],
            [-119.335189, 37.310774],
            [-119.286658, 37.374943],
            [-119.022363, 37.585737],
            [-118.775014, 37.463052],
            [-118.786736, 37.34338],
            [-118.716016, 37.328208],
            [-118.665167, 37.261009],
            [-118.654593, 37.141826],
            [-118.437137, 37.059818],
            [-118.360586, 36.744773],
            [-118.982441, 36.741646],
            [-118.984779, 36.657147],
            [-119.304625, 36.660606],
            [-119.305102, 36.573725],
            [-119.466322, 36.575238],
            [-119.573194, 36.488835]
          ]
        ]
      }
    },
    {
      "type": "Feature",
      "properties": {
        "GEO_ID": "0500000US04013",
        "STATEID": "04",
        "STATE": "AR",
        "COUNTY": "013",
        "NAME": "MARICOPA",
        "LSAD": "County",
        "CENSUSAREA": 9200.143,
        "LATLONG": [33.465902, -111.580626],
        "ANALOG": [33.465902, -111.580626],
        "CLOSESTANALOG": "MARICOPA",
        "ANALOGCOORDINATES": [
          [
            [-111.580626, 33.465902],
            [-111.583047, 33.20545],
            [-111.686035, 33.204637],
            [-111.893085, 33.204811],
            [-112.083488, 33.20456],
            [-112.191784, 33.265039],
            [-112.203288, 33.310533],
            [-112.203719, 32.50676],
            [-113.333897, 32.504938],
            [-113.333212, 33.22721],
            [-113.33392, 33.377425],
            [-113.333313, 33.56571],
            [-113.333823, 33.911661],
            [-113.333753, 33.999227],
            [-112.743951, 33.999898],
            [-112.341876, 33.898958],
            [-112.27604, 33.882312],
            [-112.264425, 33.899094],
            [-112.26047, 33.903592],
            [-112.256668, 33.905526],
            [-112.164758, 34.04817],
            [-111.861997, 34.015108],
            [-111.72531, 33.999849],
            [-111.494778, 33.999817],
            [-111.433271, 33.983321],
            [-111.450904, 33.919877],
            [-111.372317, 33.823924],
            [-111.389444, 33.776663],
            [-111.26283, 33.623157],
            [-111.222055, 33.602446],
            [-111.153354, 33.677606],
            [-111.039905, 33.466104],
            [-111.250681, 33.464902],
            [-111.26976, 33.465538],
            [-111.580626, 33.465902]
          ]
        ]
      },
      "geometry": {
        "type": "Polygon",
        "coordinates": [
          [
            [-111.580626, 33.465902],
            [-111.583047, 33.20545],
            [-111.686035, 33.204637],
            [-111.893085, 33.204811],
            [-112.083488, 33.20456],
            [-112.191784, 33.265039],
            [-112.203288, 33.310533],
            [-112.203719, 32.50676],
            [-113.333897, 32.504938],
            [-113.333212, 33.22721],
            [-113.33392, 33.377425],
            [-113.333313, 33.56571],
            [-113.333823, 33.911661],
            [-113.333753, 33.999227],
            [-112.743951, 33.999898],
            [-112.341876, 33.898958],
            [-112.27604, 33.882312],
            [-112.264425, 33.899094],
            [-112.26047, 33.903592],
            [-112.256668, 33.905526],
            [-112.164758, 34.04817],
            [-111.861997, 34.015108],
            [-111.72531, 33.999849],
            [-111.494778, 33.999817],
            [-111.433271, 33.983321],
            [-111.450904, 33.919877],
            [-111.372317, 33.823924],
            [-111.389444, 33.776663],
            [-111.26283, 33.623157],
            [-111.222055, 33.602446],
            [-111.153354, 33.677606],
            [-111.039905, 33.466104],
            [-111.250681, 33.464902],
            [-111.26976, 33.465538],
            [-111.580626, 33.465902]
          ]
        ]
      }
    }
  ]
}
